<?xml version="1.0" encoding="UTF-8"?>
<!DOCTYPE mapper
  PUBLIC "-//mybatis.org//DTD Mapper 3.0//EN"
  "http://mybatis.org/dtd/mybatis-3-mapper.dtd">
<mapper namespace="memo">

	<!--  1. 개수얻기 -->
		<select id="selectCount" resultType="int">
			select count(*) from memo
		</select>
	<!--  2. 한개얻기 -->
		<select id="selectByIdx" parameterType="int" resultType="memoVO">
			select * from memo where idx = #{idx}
		</select>
	
	<!--  3. 1페이지 얻기 -->
		<select id="selectList" parameterType="hashmap" resultType="memoVO">
		select
			 Q.*
		from		
			(select
				rownum rnum, R.*
			from
				(select * from memo order by idx desc) R
			where
				<![CDATA[
				rownum  <= #{endNo}
				]]>
			) Q
		where
			<![CDATA[
			rnum  >= #{startNo}
			]]>
		</select>
	<!--  4. 저장 -->
		<insert id="insert" parameterType="memoVO">
		INSERT INTO
			memo (idx, name, password, content,ip)
		VALUES
			(memo_idx_seq.nextval, #{name},#{password},#{content},#{ip})
		</insert>
		
	<!--  5. 수정 -->
		<update id="update" parameterType="memoVO">
			update
				memo
			set
				content = #{content},
				regdate = SYSDATE,
				ip = #{ip}
			where
				idx = #{idx}
		</update>
	
	<!--  6. 삭제 -->
		<delete id="delete" parameterType="int">
			delete from memo where idx = #{idx}
		</delete>
  
</mapper>