<?xml version="1.0" encoding="UTF-8"?>
<!DOCTYPE configuration
  PUBLIC "-//mybatis.org//DTD Config 3.0//EN"
  "http://mybatis.org/dtd/mybatis-3-config.dtd">
<configuration>
<!-- 프로퍼티 파일을 사용하겠습니다 -->
<properties resource="db.properties" />
<!-- 타입의 별칭을 지정한다. 줄여서 사용하겠다. -->
<typeAliases>
	<typeAlias type="java.util.HashMap" alias="hashMap"/>
	<typeAlias type="kr.human.vo.TestVO" alias="testVO"/>
	<typeAlias type="kr.human.vo.TestDTO" alias="testDTO"/>
	<typeAlias type="kr.human.vo.MemoVO" alias="memoVO"/>
	
</typeAliases>

<!-- DB 연결 정보 -->
  <environments default="development">
    <environment id="development">
      <transactionManager type="JDBC"/>
      <dataSource type="POOLED">
        <property name="driver" value="${o.driver}"/>
        <property name="url" value="${o.url}"/>
        <property name="username" value="${o.username}"/>
        <property name="password" value="${o.password}"/>
      </dataSource>
    </environment>
  </environments>
  
  <!-- SQL명령이 들어있는 매퍼파일을 지정한다. -->
  <mappers>
    <mapper resource="testMapper.xml"/>
    <mapper resource="memoMapper.xml"/>
  </mappers>
</configuration>