<?xml version="1.0" encoding="UTF-8"?>
<!DOCTYPE log4j:configuration PUBLIC "-//APACHE//DTD LOG4J 1.2//EN" "log4j.dtd">
<log4j:configuration
	xmlns:log4j="http://jakarta.apache.org/log4j/">
	<!-- Appenders -->
	<appender name="console"
		class="org.apache.log4j.ConsoleAppender">
		<layout class="org.apache.log4j.PatternLayout">
			<param name="ConversionPattern" value="%d %5p [%c] %m%n" />
		</layout>
	</appender>
    <!--  날짜별 로그 -->  
    <appender name="dailyout" class="org.apache.log4j.DailyRollingFileAppender">  
        <!-- 이것은 날짜별로  로그를 남김. 파일명.확장자.DatePattern으로 정의 함-->  
        <param name="file" value="dailyout.log"/>  
        <param name="Append" value="true"/>  
        <param name="DatePattern" value="'.'yyMMdd"/>  
        <layout class="org.apache.log4j.PatternLayout">  
            <param name="ConversionPattern" value="%t> [%d{yyyy-MM-dd HH:mm:ss}] [%c{1}] [%L] [%p] %m %n"/>  
        </layout>  
    </appender>  
 
    <!-- xml 로그-->  
    <!-- xml형식으로 로그를 남김 -->  
    <appender name="xmlout" class="org.apache.log4j.FileAppender">  
        <param name="file" value="log4jxml.xml"/>  
        <param name="Append" value="true"/>  
        <layout class="org.apache.log4j.xml.XMLLayout"/>  
    </appender>  	
	<!-- Application Loggers -->
	<!-- SQL문만을 로그로 남기며, PreparedStatement일 경우 관련된 argument 값으로 대체된 SQL문이 보여진다. -->
	<logger name="jdbc.sqlonly">
		<level value="INFO" />
	</logger>
	<!-- SQL문과 해당 SQL을 실행시키는데 수행된 시간 정보(milliseconds)를 포함한다. -->
	<logger name="jdbc.sqltiming">
		<level value="ERROR" />
	</logger>
	<!-- ResultSet을 제외한 모든 JDBC 호출 정보를 로그로 남긴다. 많은 양의 로그가 생성되므로 특별히 JDBC 문제를 
		추적해야 할 필요가 있는 경우를 제외하고는 사용을 권장하지 않는다. -->
	<logger name="jdbc.audit">
		<level value="ERROR" />
	</logger>
	<!-- ResultSet을 포함한 모든 JDBC 호출 정보를 로그로 남기므로 매우 방대한 양의 로그가 생성된다. -->
	<logger name="jdbc.resultsettable">
		<level value="INFO" />
	</logger>

	<!-- Root Logger -->
	<root>
		<level value="WARN"/>
		<appender-ref ref="console" />
		<appender-ref ref="dailyout" />
	</root>
</log4j:configuration>